{"1": {"global_step": 613, "best_epoch": 1, "acc": 0.5, "best_acc": 0.5, "loss": 1.0449463550068232, "epoch_time": 942.4021883010864}, "2": {"global_step": 1226, "best_epoch": 2, "acc": 0.5031948685646057, "best_acc": 0.5031948685646057, "loss": 1.0134119230518528, "epoch_time": 937.2591834068298}, "3": {"global_step": 1839, "best_epoch": 3, "acc": 0.5124600529670715, "best_acc": 0.5124600529670715, "loss": 0.9976693088752929, "epoch_time": 948.4830334186554}, "4": {"global_step": 2452, "best_epoch": 4, "acc": 0.5292332172393799, "best_acc": 0.5292332172393799, "loss": 0.986679181335023, "epoch_time": 930.0617792606354}, "5": {"global_step": 3065, "best_epoch": 5, "acc": 0.5388178825378418, "best_acc": 0.5388178825378418, "loss": 0.9776467851674576, "epoch_time": 930.0760481357574}, "6": {"global_step": 3678, "best_epoch": 6, "acc": 0.5530351400375366, "best_acc": 0.5530351400375366, "loss": 0.9702073211835869, "epoch_time": 955.5490248203278}, "7": {"global_step": 4291, "best_epoch": 7, "acc": 0.5578274726867676, "best_acc": 0.5578274726867676, "loss": 0.9640354400635655, "epoch_time": 930.1826877593994}, "8": {"global_step": 4904, "best_epoch": 7, "acc": 0.5559105277061462, "best_acc": 0.5578274726867676, "loss": 0.9589371636242501, "epoch_time": 931.4877183437347}, "9": {"global_step": 5517, "best_epoch": 9, "acc": 0.5616613030433655, "best_acc": 0.5616613030433655, "loss": 0.9541067406602672, "epoch_time": 930.6876063346863}, "10": {"global_step": 6130, "best_epoch": 10, "acc": 0.5677316188812256, "best_acc": 0.5677316188812256, "loss": 0.9497835155412384, "epoch_time": 931.4173374176025}, "11": {"global_step": 6743, "best_epoch": 11, "acc": 0.5766773223876953, "best_acc": 0.5766773223876953, "loss": 0.9456172757592132, "epoch_time": 931.9383728504181}, "12": {"global_step": 7356, "best_epoch": 11, "acc": 0.5717252492904663, "best_acc": 0.5766773223876953, "loss": 0.9418690233547575, "epoch_time": 930.8481268882751}, "13": {"global_step": 7969, "best_epoch": 13, "acc": 0.5857827663421631, "best_acc": 0.5857827663421631, "loss": 0.938182970162302, "epoch_time": 933.0447397232056}, "14": {"global_step": 8582, "best_epoch": 13, "acc": 0.5841853022575378, "best_acc": 0.5857827663421631, "loss": 0.934758445435097, "epoch_time": 930.9866633415222}, "15": {"global_step": 9195, "best_epoch": 13, "acc": 0.5841853022575378, "best_acc": 0.5857827663421631, "loss": 0.9317583192944073, "epoch_time": 941.0455124378204}, "16": {"global_step": 9808, "best_epoch": 16, "acc": 0.5910543203353882, "best_acc": 0.5910543203353882, "loss": 0.9287400426765445, "epoch_time": 947.6608941555023}, "17": {"global_step": 10421, "best_epoch": 16, "acc": 0.5873801708221436, "best_acc": 0.5910543203353882, "loss": 0.9259793412466903, "epoch_time": 957.6833226680756}, "18": {"global_step": 11034, "best_epoch": 18, "acc": 0.5944089293479919, "best_acc": 0.5944089293479919, "loss": 0.9232040188851425, "epoch_time": 937.5051407814026}, "19": {"global_step": 11647, "best_epoch": 19, "acc": 0.6022363901138306, "best_acc": 0.6022363901138306, "loss": 0.9206566563325654, "epoch_time": 935.1541640758514}, "20": {"global_step": 12260, "best_epoch": 20, "acc": 0.604472815990448, "best_acc": 0.604472815990448, "loss": 0.9180775772348703, "epoch_time": 935.242680311203}, "21": {"global_step": 12873, "best_epoch": 20, "acc": 0.6006389856338501, "best_acc": 0.604472815990448, "loss": 0.9157740115045176, "epoch_time": 939.2430922985077}, "22": {"global_step": 13486, "best_epoch": 22, "acc": 0.6116613149642944, "best_acc": 0.6116613149642944, "loss": 0.913345410449735, "epoch_time": 941.7046720981598}, "23": {"global_step": 14099, "best_epoch": 22, "acc": 0.610063910484314, "best_acc": 0.6116613149642944, "loss": 0.9111054569569469, "epoch_time": 939.6001715660095}, "24": {"global_step": 14712, "best_epoch": 24, "acc": 0.6164536476135254, "best_acc": 0.6164536476135254, "loss": 0.9088913278169058, "epoch_time": 938.1644740104675}, "25": {"global_step": 15325, "best_epoch": 25, "acc": 0.6226837038993835, "best_acc": 0.6226837038993835, "loss": 0.9068068439925475, "epoch_time": 939.5595161914825}, "26": {"global_step": 15938, "best_epoch": 25, "acc": 0.6185303330421448, "best_acc": 0.6226837038993835, "loss": 0.904828890763557, "epoch_time": 939.1208462715149}, "27": {"global_step": 16551, "best_epoch": 25, "acc": 0.6183705925941467, "best_acc": 0.6226837038993835, "loss": 0.9028458189196503, "epoch_time": 936.8027658462524}, "28": {"global_step": 17164, "best_epoch": 28, "acc": 0.6234824061393738, "best_acc": 0.6234824061393738, "loss": 0.9008188575360359, "epoch_time": 938.1677761077881}, "29": {"global_step": 17777, "best_epoch": 28, "acc": 0.6230031847953796, "best_acc": 0.6234824061393738, "loss": 0.899005393635377, "epoch_time": 937.3599457740784}, "30": {"global_step": 18390, "best_epoch": 28, "acc": 0.6162939071655273, "best_acc": 0.6234824061393738, "loss": 0.8972318653570303, "epoch_time": 940.53750872612}, "31": {"global_step": 19003, "best_epoch": 28, "acc": 0.6225239634513855, "best_acc": 0.6234824061393738, "loss": 0.8954862674016711, "epoch_time": 936.986465215683}, "32": {"global_step": 19616, "best_epoch": 28, "acc": 0.6234824061393738, "best_acc": 0.6234824061393738, "loss": 0.893846768806848, "epoch_time": 938.0142879486084}, "33": {"global_step": 20229, "best_epoch": 28, "acc": 0.6188498139381409, "best_acc": 0.6234824061393738, "loss": 0.892259562361452, "epoch_time": 941.7795462608337}, "34": {"global_step": 20842, "best_epoch": 28, "acc": 0.6231629252433777, "best_acc": 0.6234824061393738, "loss": 0.8906881824162949, "epoch_time": 941.7656915187836}, "35": {"global_step": 21455, "best_epoch": 35, "acc": 0.625079870223999, "best_acc": 0.625079870223999, "loss": 0.8892066544404094, "epoch_time": 935.3499765396118}, "36": {"global_step": 22068, "best_epoch": 35, "acc": 0.6234824061393738, "best_acc": 0.625079870223999, "loss": 0.8876645227197678, "epoch_time": 934.0769174098969}, "37": {"global_step": 22681, "best_epoch": 37, "acc": 0.6257188320159912, "best_acc": 0.6257188320159912, "loss": 0.8349094717576492, "epoch_time": 930.5417370796204}, "38": {"global_step": 23294, "best_epoch": 38, "acc": 0.6281149983406067, "best_acc": 0.6281149983406067, "loss": 0.8333156000926094, "epoch_time": 975.8740909099579}, "39": {"global_step": 23907, "best_epoch": 39, "acc": 0.6297124624252319, "best_acc": 0.6297124624252319, "loss": 0.8327524586499159, "epoch_time": 1036.6204135417938}, "40": {"global_step": 24520, "best_epoch": 40, "acc": 0.6364217400550842, "best_acc": 0.6364217400550842, "loss": 0.8324714031246708, "epoch_time": 934.3156957626343}, "41": {"global_step": 25133, "best_epoch": 40, "acc": 0.6277955174446106, "best_acc": 0.6364217400550842, "loss": 0.8315668365111358, "epoch_time": 942.5922515392303}, "42": {"global_step": 25746, "best_epoch": 40, "acc": 0.6217252016067505, "best_acc": 0.6364217400550842, "loss": 0.8284293990734156, "epoch_time": 940.893456697464}, "43": {"global_step": 26359, "best_epoch": 40, "acc": 0.6260383129119873, "best_acc": 0.6364217400550842, "loss": 0.8283834020815316, "epoch_time": 929.65567445755}, "44": {"global_step": 26972, "best_epoch": 40, "acc": 0.6332268118858337, "best_acc": 0.6364217400550842, "loss": 0.827017047374128, "epoch_time": 932.4334082603455}, "45": {"global_step": 27585, "best_epoch": 40, "acc": 0.6335462927818298, "best_acc": 0.6364217400550842, "loss": 0.8259649765497968, "epoch_time": 930.39817237854}, "46": {"global_step": 28198, "best_epoch": 40, "acc": 0.6357827186584473, "best_acc": 0.6364217400550842, "loss": 0.8256065420818562, "epoch_time": 930.9684302806854}, "47": {"global_step": 28811, "best_epoch": 40, "acc": 0.6308306455612183, "best_acc": 0.6364217400550842, "loss": 0.824719747108503, "epoch_time": 931.856276512146}, "48": {"global_step": 29424, "best_epoch": 48, "acc": 0.6391373872756958, "best_acc": 0.6391373872756958, "loss": 0.8239306655022163, "epoch_time": 932.8247711658478},